{
  "arm_a": {
    "n": 1482,
    "mean": 110.0156495984202,
    "std": 98.99100948899539,
    "p50": 24.922613892591293,
    "p95": 254.66625298682018,
    "p99": 278.90307601136783
  },
  "arm_b": {
    "n": 1487,
    "mean": 70.76050685316052,
    "std": 79.3763227220083,
    "p50": 19.406922647912236,
    "p95": 209.6892838606335,
    "p99": 235.2783633450926
  },
  "welch_t_stat": 11.917799509710795,
  "welch_p_value": 5.498466204767752e-32,
  "mannwhitney_u_stat": 1399476.0,
  "mannwhitney_p_value": 1.7009840301854264e-37,
  "bootstrap_ci_95": [
    32.82522327182036,
    45.5778383058968
  ],
  "cohens_d": 0.43752315373292167,
  "p95_diff": 44.976969126186674,
  "p95_reduction_pct": 17.661142219936924,
  "p95_bootstrap_ci_95": [
    38.03990761832296,
    51.31368316929289
  ],
  "p95_improvement_probability": 1.0,
  "cache_hit_rate_a": 0.52,
  "cache_hit_rate_b": 0.68,
  "statistically_significant": true,
  "practical_significance": true
}